Label,# Samples,Average,Median,90% Line,95% Line,99% Line,Min,Max,Error %,Throughput,Received KB/sec,Sent KB/sec
http://20.50.171.10:9966/petclinic/api/specialties 2 ${websiteName},3,468,565,737,737,737,104,737,"0,000%","2,19780","2,20","0,56"
http://20.50.171.10:9966/petclinic/api/specialties 1 ${websiteName},3,350,305,639,639,639,106,639,"0,000%","2,08478","2,09","0,54"
http://20.50.171.10:9966/petclinic/api/specialties 4 ${websiteName},3,439,480,736,736,736,101,736,"0,000%","2,34375","2,35","0,60"
New veterinarian tab,500,798,327,2105,3338,5459,87,5920,"0,000%","76,03406","76,18","19,53"
http://20.50.171.10:9966/petclinic/api/specialties 6 ${websiteName},3,1892,602,4978,4978,4978,96,4978,"0,000%",",55783","0,56","0,14"
http://20.50.171.10:9966/petclinic/api/specialties 7 ${websiteName},3,320,290,576,576,576,94,576,"0,000%","2,17865","2,18","0,56"
http://20.50.171.10:9966/petclinic/api/specialties 3 ${websiteName},3,283,276,471,471,471,103,471,"0,000%","2,36035","2,36","0,61"
http://20.50.171.10:9966/petclinic/api/specialties 5 ${websiteName},3,611,401,1324,1324,1324,110,1324,"0,000%","1,74014","1,74","0,45"
http://20.50.171.10:9966/petclinic/api/specialties 9 ${websiteName},3,1308,708,3115,3115,3115,102,3115,"0,000%",",85349","0,86","0,22"
http://20.50.171.10:9966/petclinic/api/specialties 12 ${websiteName},3,422,448,722,722,722,96,722,"0,000%","2,40385","2,41","0,62"
http://20.50.171.10:9966/petclinic/api/specialties 8 ${websiteName},3,1016,1065,1881,1881,1881,104,1881,"0,000%","1,31521","1,32","0,34"
http://20.50.171.10:9966/petclinic/api/specialties 10 ${websiteName},3,427,456,726,726,726,100,726,"0,000%","2,38854","2,39","0,61"
http://20.50.171.10:9966/petclinic/api/specialties 15 ${websiteName},3,239,245,380,380,380,92,380,"0,000%","2,53807","2,54","0,65"
http://20.50.171.10:9966/petclinic/api/specialties 11 ${websiteName},3,255,272,395,395,395,100,395,"0,000%","2,51046","2,52","0,64"
http://20.50.171.10:9966/petclinic/api/specialties 13 ${websiteName},3,1842,454,4976,4976,4976,96,4976,"0,000%",",55804","0,56","0,14"
http://20.50.171.10:9966/petclinic/api/specialties 16 ${websiteName},3,1130,1479,1822,1822,1822,89,1822,"0,000%","1,14460","1,15","0,29"
http://20.50.171.10:9966/petclinic/api/specialties 14 ${websiteName},3,242,248,383,383,383,95,383,"0,000%","2,53593","2,54","0,65"
http://20.50.171.10:9966/petclinic/api/specialties 19 ${websiteName},3,699,841,1161,1161,1161,95,1161,"0,000%","1,53061","1,53","0,39"
http://20.50.171.10:9966/petclinic/api/specialties 22 ${websiteName},3,771,605,1617,1617,1617,91,1617,"0,000%","1,47493","1,48","0,38"
http://20.50.171.10:9966/petclinic/api/specialties 17 ${websiteName},3,660,377,1502,1502,1502,102,1502,"0,000%","1,57480","1,58","0,40"
http://20.50.171.10:9966/petclinic/api/specialties 18 ${websiteName},3,1999,549,5351,5351,5351,98,5351,"0,000%",",52156","0,52","0,13"
http://20.50.171.10:9966/petclinic/api/specialties 20 ${websiteName},3,435,371,838,838,838,96,838,"0,000%","2,38854","2,39","0,61"
http://20.50.171.10:9966/petclinic/api/specialties 24 ${websiteName},3,509,601,836,836,836,92,836,"0,000%","2,13980","2,14","0,55"
http://20.50.171.10:9966/petclinic/api/specialties 21 ${websiteName},3,1102,544,2664,2664,2664,98,2664,"0,000%",",97308","0,97","0,25"
http://20.50.171.10:9966/petclinic/api/specialties 23 ${websiteName},3,896,319,2276,2276,2276,93,2276,"0,000%",",97466","0,98","0,25"
http://20.50.171.10:9966/petclinic/api/specialties 25 ${websiteName},3,1426,594,3584,3584,3584,102,3584,"0,000%",",75094","0,75","0,19"
http://20.50.171.10:9966/petclinic/api/specialties 28 ${websiteName},3,766,592,1613,1613,1613,94,1613,"0,000%","1,48736","1,49","0,38"
http://20.50.171.10:9966/petclinic/api/specialties 29 ${websiteName},3,446,315,929,929,929,94,929,"0,000%","1,73310","1,74","0,45"
http://20.50.171.10:9966/petclinic/api/specialties 31 ${websiteName},3,727,579,1513,1513,1513,91,1513,"0,000%","1,56740","1,57","0,40"
http://20.50.171.10:9966/petclinic/api/specialties 26 ${websiteName},3,516,612,836,836,836,102,836,"0,000%","2,12314","2,13","0,55"
http://20.50.171.10:9966/petclinic/api/specialties 27 ${websiteName},3,1530,2212,2279,2279,2279,99,2279,"0,000%",",99635","1,00","0,26"
http://20.50.171.10:9966/petclinic/api/specialties 30 ${websiteName},3,2637,2262,5556,5556,5556,93,5556,"0,000%",",50352","0,50","0,13"
http://20.50.171.10:9966/petclinic/api/specialties 32 ${websiteName},3,1012,1413,1535,1535,1535,90,1535,"0,000%","1,35501","1,36","0,35"
http://20.50.171.10:9966/petclinic/api/vets 2 Pet clinic,6,934,1075,1442,1756,1756,53,1756,"0,000%","1,44300","34,63","0,46"
http://20.50.171.10:9966/petclinic/api/vets 6 Pet clinic,6,1321,1399,1792,2789,2789,53,2789,"0,000%",",70813","19,10","0,23"
http://20.50.171.10:9966/petclinic/api/vets 4 Pet clinic,6,1106,738,1732,2975,2975,54,2975,"0,000%","1,01919","24,50","0,33"
http://20.50.171.10:9966/petclinic/api/vets 7 Pet clinic,6,1247,681,2383,3154,3154,54,3154,"0,000%",",87977","20,65","0,28"
http://20.50.171.10:9966/petclinic/api/vets 1 Pet clinic,6,819,835,1065,1715,1715,54,1715,"0,000%","1,77567","39,84","0,57"
http://20.50.171.10:9966/petclinic/api/vets 3 Pet clinic,6,921,127,1725,2667,2667,55,2667,"0,000%","1,07894","23,12","0,35"
http://20.50.171.10:9966/petclinic/api/vets 5 Pet clinic,6,718,685,959,1562,1562,43,1562,"0,000%","1,55360","35,69","0,50"
http://20.50.171.10:9966/petclinic/api/specialties 34 ${websiteName},3,550,658,899,899,899,94,899,"0,000%","2,06044","2,06","0,53"
http://20.50.171.10:9966/petclinic/api/specialties 33 ${websiteName},3,356,311,659,659,659,98,659,"0,000%","2,05620","2,06","0,53"
http://20.50.171.10:9966/petclinic/api/specialties 35 ${websiteName},3,772,656,1567,1567,1567,94,1567,"0,000%","1,52284","1,53","0,39"
http://20.50.171.10:9966/petclinic/api/vets 9 Pet clinic,6,1172,603,2634,2791,2791,43,2791,"0,000%",",88145","23,00","0,28"
http://20.50.171.10:9966/petclinic/api/vets 8 Pet clinic,6,1273,705,2749,3127,3127,43,3127,"0,000%","1,04548","27,12","0,33"
http://20.50.171.10:9966/petclinic/api/vets 10 Pet clinic,6,2044,849,4212,4932,4932,43,4932,"0,000%",",74414","20,09","0,24"
http://20.50.171.10:9966/petclinic/api/specialties 36 ${websiteName},3,1080,654,2493,2493,2493,93,2493,"0,000%","1,03591","1,04","0,27"
http://20.50.171.10:9966/petclinic/api/vets 15 Pet clinic,6,1449,1323,1614,4122,4122,48,4122,"0,000%","1,00033","25,29","0,32"
http://20.50.171.10:9966/petclinic/api/vets 11 Pet clinic,6,779,233,823,2674,2674,48,2674,"0,000%","1,30634","27,31","0,42"
http://20.50.171.10:9966/petclinic/api/specialties 38 ${websiteName},3,3095,3694,5498,5498,5498,95,5498,"0,000%",",50847","0,51","0,13"
http://20.50.171.10:9966/petclinic/api/specialties 39 ${websiteName},3,1793,1604,3685,3685,3685,92,3685,"0,000%",",66905","0,67","0,17"
http://20.50.171.10:9966/petclinic/api/specialties 37 ${websiteName},3,350,305,652,652,652,95,652,"0,000%","2,06897","2,07","0,53"
http://20.50.171.10:9966/petclinic/api/vets 16 Pet clinic,6,1669,425,3042,4316,4316,49,4316,"0,000%",",82508","22,38","0,26"
http://20.50.171.10:9966/petclinic/api/vets 12 Pet clinic,6,1513,823,910,5990,5990,50,5990,"0,000%",",76492","19,13","0,24"
http://20.50.171.10:9966/petclinic/api/vets 13 Pet clinic,6,1002,594,1739,1782,1782,49,1782,"0,000%",",78370","20,26","0,25"
http://20.50.171.10:9966/petclinic/api/vets 14 Pet clinic,6,830,691,827,2604,2604,49,2604,"0,000%","1,32714","27,52","0,42"
http://20.50.171.10:9966/petclinic/api/specialties 45 ${websiteName},3,340,295,638,638,638,88,638,"0,000%","2,08768","2,09","0,54"
http://20.50.171.10:9966/petclinic/api/specialties 46 ${websiteName},3,2794,2376,5920,5920,5920,87,5920,"0,000%",",47468","0,48","0,12"
http://20.50.171.10:9966/petclinic/api/specialties 42 ${websiteName},3,1591,922,3757,3757,3757,95,3757,"0,000%",",65833","0,66","0,17"
http://20.50.171.10:9966/petclinic/api/specialties 43 ${websiteName},3,343,299,640,640,640,92,640,"0,000%","2,08189","2,09","0,53"
http://20.50.171.10:9966/petclinic/api/vets 22 Pet clinic,6,829,827,931,2056,2056,45,2056,"0,000%","1,22951","29,54","0,39"
http://20.50.171.10:9966/petclinic/api/specialties 40 ${websiteName},3,1361,297,3689,3689,3689,99,3689,"0,000%",",66845","0,67","0,17"
http://20.50.171.10:9966/petclinic/api/specialties 41 ${websiteName},3,894,646,1932,1932,1932,105,1932,"0,000%","1,28590","1,29","0,33"
http://20.50.171.10:9966/petclinic/api/specialties 44 ${websiteName},3,1556,669,3901,3901,3901,100,3901,"0,000%",",69751","0,70","0,18"
http://20.50.171.10:9966/petclinic/api/vets 20 Pet clinic,6,1541,791,931,6372,6372,59,6372,"0,000%",",72816","18,23","0,23"
http://20.50.171.10:9966/petclinic/api/vets 18 Pet clinic,6,1076,807,1871,2516,2516,60,2516,"0,000%",",71745","19,05","0,23"
http://20.50.171.10:9966/petclinic/api/specialties 48 ${websiteName},3,296,142,646,646,646,100,646,"0,000%","2,07469","2,08","0,53"
http://20.50.171.10:9966/petclinic/api/vets 21 Pet clinic,6,1956,704,3355,5250,5250,56,5250,"0,000%",",71267","19,43","0,23"
http://20.50.171.10:9966/petclinic/api/vets 17 Pet clinic,6,2285,2141,3756,4754,4754,60,4754,"0,000%",",75273","20,84","0,24"
http://20.50.171.10:9966/petclinic/api/specialties 47 ${websiteName},3,368,342,660,660,660,102,660,"0,000%","2,05339","2,06","0,53"
http://20.50.171.10:9966/petclinic/api/specialties 49 ${websiteName},3,1395,346,3744,3744,3744,97,3744,"0,000%",",66036","0,66","0,17"
http://20.50.171.10:9966/petclinic/api/vets 24 Pet clinic,6,861,807,1199,1781,1781,56,1781,"0,000%","1,49813","35,45","0,48"
http://20.50.171.10:9966/petclinic/api/vets 19 Pet clinic,6,1295,925,2024,2731,2731,62,2731,"0,000%",",90648","23,24","0,29"
http://20.50.171.10:9966/petclinic/api/vets 23 Pet clinic,6,1116,353,2465,2529,2529,56,2529,"0,000%",",75207","17,67","0,24"
http://20.50.171.10:9966/petclinic/api/vets 28 Pet clinic,6,928,849,1280,2046,2046,44,2046,"0,000%","1,14307","27,76","0,37"
http://20.50.171.10:9966/petclinic/api/vets 31 Pet clinic,6,1018,736,1785,2029,2029,45,2029,"0,000%","1,30747","31,82","0,42"
http://20.50.171.10:9966/petclinic/api/vets 26 Pet clinic,6,1501,471,1765,4985,4985,45,4985,"0,000%",",90909","23,56","0,29"
http://20.50.171.10:9966/petclinic/api/vets 30 Pet clinic,6,1311,817,2392,2450,2450,46,2450,"0,000%",",70646","19,64","0,23"
http://20.50.171.10:9966/petclinic/api/vets 29 Pet clinic,6,1286,342,2401,3756,3756,47,3756,"0,000%",",76972","17,94","0,25"
http://20.50.171.10:9966/petclinic/api/specialties 53 ${websiteName},3,332,163,741,741,741,93,741,"0,000%","1,94553","1,95","0,50"
http://20.50.171.10:9966/petclinic/api/specialties 51 ${websiteName},3,839,1025,1396,1396,1396,97,1396,"0,000%","1,36674","1,37","0,35"
http://20.50.171.10:9966/petclinic/api/specialties 52 ${websiteName},3,1453,137,4128,4128,4128,96,4128,"0,000%",",60877","0,61","0,16"
http://20.50.171.10:9966/petclinic/api/specialties 50 ${websiteName},3,1394,343,3742,3742,3742,99,3742,"0,000%",",66065","0,66","0,17"
http://20.50.171.10:9966/petclinic/api/vets 25 Pet clinic,6,1747,1749,2584,3580,3580,49,3580,"0,000%",",68705","18,65","0,22"
http://20.50.171.10:9966/petclinic/api/vets 32 Pet clinic,6,1406,829,2112,3939,3939,48,3939,"0,000%",",75988","19,89","0,24"
http://20.50.171.10:9966/petclinic/api/vets 27 Pet clinic,6,1483,807,2479,2751,2751,49,2751,"0,000%",",78616","21,44","0,25"
http://20.50.171.10:9966/petclinic/api/vets 36 Pet clinic,6,1387,785,2522,2546,2546,59,2546,"0,000%",",79957","21,17","0,26"
http://20.50.171.10:9966/petclinic/api/specialties 57 ${websiteName},3,336,136,763,763,763,110,763,"0,000%","1,91939","1,92","0,49"
http://20.50.171.10:9966/petclinic/api/vets 35 Pet clinic,6,1722,771,2560,4659,4659,80,4659,"0,000%",",88339","23,97","0,28"
http://20.50.171.10:9966/petclinic/api/specialties 60 ${websiteName},3,416,329,762,762,762,158,762,"0,000%","1,92061","1,92","0,49"
http://20.50.171.10:9966/petclinic/api/specialties 59 ${websiteName},3,686,759,1140,1140,1140,160,1140,"0,000%","1,92555","1,93","0,49"
http://20.50.171.10:9966/petclinic/api/vets 34 Pet clinic,6,1091,772,1551,3026,3026,114,3026,"0,000%","1,16279","28,12","0,37"
http://20.50.171.10:9966/petclinic/api/specialties 56 ${websiteName},3,420,308,785,785,785,167,785,"0,000%","1,89274","1,90","0,49"
http://20.50.171.10:9966/petclinic/api/vets 33 Pet clinic,6,891,282,970,2929,2929,115,2929,"0,000%","1,18507","26,33","0,38"
http://20.50.171.10:9966/petclinic/api/specialties 64 ${websiteName},3,1191,753,2669,2669,2669,152,2669,"0,000%",",97688","0,98","0,25"
http://20.50.171.10:9966/petclinic/api/specialties 55 ${websiteName},3,354,167,767,767,767,130,767,"0,000%","1,91449","1,92","0,49"
http://20.50.171.10:9966/petclinic/api/specialties 61 ${websiteName},3,349,157,760,760,760,130,760,"0,000%","1,92555","1,93","0,49"
http://20.50.171.10:9966/petclinic/api/specialties 62 ${websiteName},3,419,328,773,773,773,157,773,"0,000%","1,90718","1,91","0,49"
http://20.50.171.10:9966/petclinic/api/specialties 58 ${websiteName},3,869,765,1675,1675,1675,167,1675,"0,000%","1,44370","1,45","0,37"
http://20.50.171.10:9966/petclinic/api/specialties 54 ${websiteName},3,595,672,941,941,941,173,941,"0,000%","2,03943","2,04","0,52"
New veterinarian form,500,2986,2761,5724,6340,7171,182,7555,"0,000%","56,95409","3115,79","36,43"
http://20.50.171.10:9966/petclinic/api/vets 38 Pet clinic,6,2085,1850,2125,5891,5891,147,5891,"0,000%",",70192","23,97","0,22"
http://20.50.171.10:9966/petclinic/api/specialties 70 ${websiteName},3,355,178,756,756,756,133,756,"0,000%","1,92802","1,93","0,50"
http://20.50.171.10:9966/petclinic/api/vets 39 Pet clinic,6,1474,1648,2076,2636,2636,148,2636,"0,000%",",73928","20,48","0,24"
http://20.50.171.10:9966/petclinic/api/vets 46 Pet clinic,6,1106,724,1494,2953,2953,170,2953,"0,000%",",72736","22,34","0,23"
http://20.50.171.10:9966/petclinic/api/specialties 71 ${websiteName},3,571,209,1376,1376,1376,129,1376,"0,000%","1,37868","1,38","0,35"
http://20.50.171.10:9966/petclinic/api/specialties 81 ${websiteName},3,482,507,734,734,734,206,734,"0,000%","1,93424","1,94","0,50"
http://20.50.171.10:9966/petclinic/api/vets 37 Pet clinic,6,1677,771,2679,3661,3661,198,3661,"0,000%",",86331","22,78","0,28"
http://20.50.171.10:9966/petclinic/api/specialties 100 ${websiteName},3,584,168,1472,1472,1472,114,1472,"0,000%","1,31579","1,32","0,34"
http://20.50.171.10:9966/petclinic/api/specialties 65 ${websiteName},3,664,750,1004,1004,1004,240,1004,"0,000%","1,93299","1,94","0,50"
http://20.50.171.10:9966/petclinic/api/vets 44 Pet clinic,6,828,249,1116,2466,2466,184,2466,"0,000%",",87273","22,12","0,28"
http://20.50.171.10:9966/petclinic/api/vets 47 Pet clinic,6,685,443,1069,1410,1410,192,1410,"0,000%","1,88917","41,05","0,60"
http://20.50.171.10:9966/petclinic/api/vets 41 Pet clinic,6,1490,774,2468,2568,2568,200,2568,"0,000%",",83033","22,23","0,27"
http://20.50.171.10:9966/petclinic/api/specialties 63 ${websiteName},3,449,327,756,756,756,264,756,"0,000%","1,92678","1,93","0,49"
http://20.50.171.10:9966/petclinic/api/vets 50 Pet clinic,6,969,538,1879,2096,2096,173,2096,"0,000%",",71293","17,20","0,23"
http://20.50.171.10:9966/petclinic/api/specialties 90 ${websiteName},3,349,207,725,725,725,116,725,"0,000%","1,95567","1,96","0,50"
http://20.50.171.10:9966/petclinic/api/vets 49 Pet clinic,6,1408,1931,2054,2069,2069,153,2069,"0,000%",",71048","18,59","0,23"
http://20.50.171.10:9966/petclinic/api/specialties 75 ${websiteName},3,525,566,758,758,758,252,758,"0,000%","1,92431","1,93","0,49"
http://20.50.171.10:9966/petclinic/api/specialties 79 ${websiteName},3,1493,1749,2486,2486,2486,244,2486,"0,000%",",91019","0,91","0,23"
http://20.50.171.10:9966/petclinic/api/specialties 72 ${websiteName},3,1498,1763,2475,2475,2475,258,2475,"0,000%",",91603","0,92","0,24"
http://20.50.171.10:9966/petclinic/api/specialties 87 ${websiteName},3,1332,732,3037,3037,3037,228,3037,"0,000%",",87311","0,87","0,22"
http://20.50.171.10:9966/petclinic/api/specialties 97 ${websiteName},3,719,734,1216,1216,1216,208,1216,"0,000%","1,85414","1,86","0,48"
http://20.50.171.10:9966/petclinic/api/vets 53 Pet clinic,6,584,202,951,1330,1330,158,1330,"0,000%","1,73661","36,51","0,56"
http://20.50.171.10:9966/petclinic/api/vets 52 Pet clinic,6,1124,240,2565,3060,3060,70,3060,"0,000%",",70572","18,17","0,23"
http://20.50.171.10:9966/petclinic/api/vets 57 Pet clinic,6,913,315,1742,2628,2628,113,2628,"0,000%","1,03040","22,85","0,33"
http://20.50.171.10:9966/petclinic/api/specialties 98 ${websiteName},3,722,747,1215,1215,1215,204,1215,"0,000%","1,85989","1,86","0,48"
http://20.50.171.10:9966/petclinic/api/specialties 80 ${websiteName},3,1826,738,4497,4497,4497,243,4497,"0,000%",",61237","0,61","0,16"
http://20.50.171.10:9966/petclinic/api/vets 40 Pet clinic,6,1890,1835,2253,4678,4678,222,4678,"0,000%",",72167","20,29","0,23"
http://20.50.171.10:9966/petclinic/api/specialties 66 ${websiteName},3,1743,749,4211,4211,4211,270,4211,"0,000%",",65076","0,65","0,17"
http://20.50.171.10:9966/petclinic/api/specialties 82 ${websiteName},3,1286,734,2891,2891,2891,235,2891,"0,000%",",91130","0,91","0,23"
http://20.50.171.10:9966/petclinic/api/specialties 95 ${websiteName},3,355,229,725,725,725,111,725,"0,000%","1,95822","1,96","0,50"
http://20.50.171.10:9966/petclinic/api/specialties 69 ${websiteName},3,2333,2811,3909,3909,3909,281,3909,"0,000%",",63721","0,64","0,16"
http://20.50.171.10:9966/petclinic/api/specialties 89 ${websiteName},3,359,241,729,729,729,107,729,"0,000%","1,95059","1,95","0,50"
http://20.50.171.10:9966/petclinic/api/specialties 73 ${websiteName},3,531,557,762,762,762,275,762,"0,000%","1,91939","1,92","0,49"
http://20.50.171.10:9966/petclinic/api/specialties 88 ${websiteName},3,361,243,731,731,731,109,731,"0,000%","1,94932","1,95","0,50"
http://20.50.171.10:9966/petclinic/api/specialties 101 ${websiteName},2,164,111,217,217,217,111,217,"0,000%","3,91389","3,92","1,01"
http://20.50.171.10:9966/petclinic/api/vets 55 Pet clinic,6,724,252,637,2883,2883,74,2883,"0,000%","1,22001","26,16","0,39"
http://20.50.171.10:9966/petclinic/api/specialties 99 ${websiteName},3,1389,820,3126,3126,3126,223,3126,"0,000%",",85106","0,85","0,22"
http://20.50.171.10:9966/petclinic/api/specialties 67 ${websiteName},3,1699,751,4062,4062,4062,286,4062,"0,000%",",67265","0,67","0,17"
http://20.50.171.10:9966/petclinic/api/specialties 92 ${websiteName},3,587,250,1402,1402,1402,111,1402,"0,000%","1,35685","1,36","0,35"
http://20.50.171.10:9966/petclinic/api/specialties 78 ${websiteName},3,1183,1362,1910,1910,1910,279,1910,"0,000%","1,29870","1,30","0,33"
http://20.50.171.10:9966/petclinic/api/specialties 84 ${websiteName},3,752,733,1258,1258,1258,267,1258,"0,000%","1,80832","1,81","0,46"
http://20.50.171.10:9966/petclinic/api/specialties 94 ${websiteName},3,362,244,733,733,733,109,733,"0,000%","1,94805","1,95","0,50"
http://20.50.171.10:9966/petclinic/api/specialties 93 ${websiteName},3,360,249,723,723,723,110,723,"0,000%","1,95950","1,96","0,50"
http://20.50.171.10:9966/petclinic/api/specialties 77 ${websiteName},3,930,755,1755,1755,1755,281,1755,"0,000%","1,39276","1,40","0,36"
http://20.50.171.10:9966/petclinic/api/specialties 76 ${websiteName},3,386,282,757,757,757,120,757,"0,000%","1,93050","1,93","0,50"
http://20.50.171.10:9966/petclinic/api/specialties 74 ${websiteName},3,1777,759,4286,4286,4286,288,4286,"0,000%",",64020","0,64","0,16"
http://20.50.171.10:9966/petclinic/api/vets 45 Pet clinic,6,912,595,963,2522,2522,259,2522,"0,000%","1,29032","30,21","0,41"
http://20.50.171.10:9966/petclinic/api/vets 43 Pet clinic,6,1280,772,1990,2632,2632,259,2632,"0,000%","1,26263","33,97","0,40"
http://20.50.171.10:9966/petclinic/api/specialties 91 ${websiteName},3,930,725,1811,1811,1811,256,1811,"0,000%","1,35624","1,36","0,35"
http://20.50.171.10:9966/petclinic/api/specialties 126 ${websiteName},2,167,130,205,205,205,130,205,"0,000%","3,75235","3,76","0,96"
http://20.50.171.10:9966/petclinic/api/specialties 86 ${websiteName},3,1580,1910,2547,2547,2547,284,2547,"0,000%",",89339","0,90","0,23"
http://20.50.171.10:9966/petclinic/api/specialties 85 ${websiteName},3,526,561,731,731,731,288,731,"0,000%","1,94301","1,95","0,50"
http://20.50.171.10:9966/petclinic/api/specialties 83 ${websiteName},3,377,291,733,733,733,107,733,"0,000%","1,93798","1,94","0,50"
http://20.50.171.10:9966/petclinic/api/specialties 104 ${websiteName},2,199,148,250,250,250,148,250,"0,000%","3,66300","3,67","0,94"
http://20.50.171.10:9966/petclinic/api/specialties 124 ${websiteName},2,173,131,216,216,216,131,216,"0,000%","3,75235","3,76","0,96"
http://20.50.171.10:9966/petclinic/api/specialties 103 ${websiteName},2,182,107,258,258,258,107,258,"0,000%","3,92927","3,94","1,01"
http://20.50.171.10:9966/petclinic/api/specialties 114 ${websiteName},2,191,144,238,238,238,144,238,"0,000%","3,63636","3,64","0,93"
http://20.50.171.10:9966/petclinic/api/specialties 68 ${websiteName},3,406,331,751,751,751,137,751,"0,000%","1,93299","1,94","0,50"
http://20.50.171.10:9966/petclinic/api/specialties 96 ${websiteName},3,1588,273,4386,4386,4386,107,4386,"0,000%",",57781","0,58","0,15"
http://20.50.171.10:9966/petclinic/api/specialties 168 ${websiteName},2,280,149,412,412,412,149,412,"0,000%","2,46609","2,47","0,63"
http://20.50.171.10:9966/petclinic/api/vets 75 Pet clinic,6,1619,1690,2600,2734,2734,82,2734,"0,000%","1,03932","29,72","0,33"
http://20.50.171.10:9966/petclinic/api/specialties 160 ${websiteName},2,288,166,410,410,410,166,410,"0,000%","2,46305","2,47","0,63"
http://20.50.171.10:9966/petclinic/api/vets 98 Pet clinic,6,1516,1529,1976,2595,2595,81,2595,"0,000%","1,01078","28,82","0,32"
http://20.50.171.10:9966/petclinic/api/specialties 111 ${websiteName},2,208,153,263,263,263,153,263,"0,000%","3,61664","3,62","0,93"
http://20.50.171.10:9966/petclinic/api/specialties 107 ${websiteName},2,214,151,277,277,277,151,277,"0,000%","3,62976","3,64","0,93"
http://20.50.171.10:9966/petclinic/api/specialties 102 ${websiteName},2,219,151,288,288,288,151,288,"0,000%","3,63636","3,64","0,93"
http://20.50.171.10:9966/petclinic/api/specialties 116 ${websiteName},2,202,143,262,262,262,143,262,"0,000%","3,66300","3,67","0,94"
http://20.50.171.10:9966/petclinic/api/specialties 118 ${websiteName},2,198,139,257,257,257,139,257,"0,000%","3,69004","3,70","0,95"
http://20.50.171.10:9966/petclinic/api/specialties 121 ${websiteName},2,197,142,252,252,252,142,252,"0,000%","3,68324","3,69","0,95"
http://20.50.171.10:9966/petclinic/api/specialties 109 ${websiteName},2,215,154,277,277,277,154,277,"0,000%","3,59066","3,60","0,92"
http://20.50.171.10:9966/petclinic/api/specialties 158 ${websiteName},2,224,188,261,261,261,188,261,"0,000%","3,02572","3,03","0,78"
http://20.50.171.10:9966/petclinic/api/specialties 106 ${websiteName},2,221,153,290,290,290,153,290,"0,000%","3,61664","3,62","0,93"
http://20.50.171.10:9966/petclinic/api/specialties 145 ${websiteName},2,525,215,836,836,836,215,836,"0,000%","1,62338","1,63","0,42"
http://20.50.171.10:9966/petclinic/api/specialties 132 ${websiteName},2,192,156,228,228,228,156,228,"0,000%","3,68324","3,69","0,95"
http://20.50.171.10:9966/petclinic/api/vets 72 Pet clinic,6,1476,865,2508,2652,2652,107,2652,"0,000%",",95602","29,18","0,31"
http://20.50.171.10:9966/petclinic/api/specialties 159 ${websiteName},2,268,197,339,339,339,197,339,"0,000%","2,71003","2,72","0,70"
http://20.50.171.10:9966/petclinic/api/specialties 161 ${websiteName},2,302,194,410,410,410,194,410,"0,000%","2,46609","2,47","0,63"
http://20.50.171.10:9966/petclinic/api/specialties 171 ${websiteName},2,613,200,1027,1027,1027,200,1027,"0,000%","1,39860","1,40","0,36"
http://20.50.171.10:9966/petclinic/api/specialties 175 ${websiteName},2,293,192,394,394,394,192,394,"0,000%","2,50627","2,51","0,64"
http://20.50.171.10:9966/petclinic/api/specialties 152 ${websiteName},2,190,142,238,238,238,142,238,"0,000%","3,67647","3,68","0,94"
http://20.50.171.10:9966/petclinic/api/specialties 164 ${websiteName},2,317,215,419,419,419,215,419,"0,000%","2,44200","2,45","0,63"
http://20.50.171.10:9966/petclinic/api/vets 51 Pet clinic,6,1516,862,2573,2726,2726,342,2726,"0,000%","1,05467","30,43","0,34"
http://20.50.171.10:9966/petclinic/api/specialties 127 ${websiteName},2,208,127,290,290,290,127,290,"0,000%","3,75940","3,77","0,97"
http://20.50.171.10:9966/petclinic/api/vets 79 Pet clinic,6,1190,823,2092,2506,2506,137,2506,"0,000%",",78442","21,33","0,25"
http://20.50.171.10:9966/petclinic/api/vets 64 Pet clinic,6,2564,2113,3258,6051,6051,262,6051,"0,000%",",88600","29,57","0,28"
http://20.50.171.10:9966/petclinic/api/specialties 122 ${websiteName},2,874,299,1450,1450,1450,299,1450,"0,000%","1,07933","1,08","0,28"
http://20.50.171.10:9966/petclinic/api/specialties 133 ${websiteName},2,1329,259,2400,2400,2400,259,2400,"0,000%",",71736","0,72","0,18"
http://20.50.171.10:9966/petclinic/api/specialties 149 ${websiteName},2,196,148,245,245,245,148,245,"0,000%","3,64964","3,66","0,94"
http://20.50.171.10:9966/petclinic/api/specialties 134 ${websiteName},2,212,163,261,261,261,163,261,"0,000%","3,61664","3,62","0,93"
http://20.50.171.10:9966/petclinic/api/specialties 143 ${websiteName},2,3030,254,5806,5806,5806,254,5806,"0,000%",",32248","0,32","0,08"
http://20.50.171.10:9966/petclinic/api/specialties 128 ${websiteName},2,1248,260,2236,2236,2236,260,2236,"0,000%",",76570","0,77","0,20"
http://20.50.171.10:9966/petclinic/api/specialties 130 ${websiteName},2,885,262,1508,1508,1508,262,1508,"0,000%","1,05708","1,06","0,27"
http://20.50.171.10:9966/petclinic/api/specialties 142 ${websiteName},2,205,157,254,254,254,157,254,"0,000%","3,61664","3,62","0,93"
http://20.50.171.10:9966/petclinic/api/specialties 136 ${websiteName},2,1353,259,2447,2447,2447,259,2447,"0,000%",",70497","0,71","0,18"
http://20.50.171.10:9966/petclinic/api/specialties 139 ${websiteName},2,204,146,262,262,262,146,262,"0,000%","3,71747","3,72","0,95"
http://20.50.171.10:9966/petclinic/api/specialties 141 ${websiteName},2,551,261,841,841,841,261,841,"0,000%","1,61681","1,62","0,42"
http://20.50.171.10:9966/petclinic/api/vets 97 Pet clinic,6,1525,1342,1980,3543,3543,147,3543,"0,000%",",86555","22,98","0,28"
http://20.50.171.10:9966/petclinic/api/specialties 131 ${websiteName},2,193,120,267,267,267,120,267,"0,000%","3,94477","3,95","1,01"
http://20.50.171.10:9966/petclinic/api/specialties 137 ${websiteName},2,214,165,263,263,263,165,263,"0,000%","3,59712","3,60","0,92"
http://20.50.171.10:9966/petclinic/api/specialties 140 ${websiteName},2,3076,262,5891,5891,5891,262,5891,"0,000%",",31807","0,32","0,08"
http://20.50.171.10:9966/petclinic/api/specialties 129 ${websiteName},2,1887,268,3507,3507,3507,268,3507,"0,000%",",51414","0,52","0,13"
http://20.50.171.10:9966/petclinic/api/vets 54 Pet clinic,6,927,726,1004,2234,2234,269,2234,"0,000%","1,41210","35,96","0,45"
http://20.50.171.10:9966/petclinic/api/specialties 170 ${websiteName},2,308,212,405,405,405,212,405,"0,000%","2,48139","2,49","0,64"
http://20.50.171.10:9966/petclinic/api/specialties 144 ${websiteName},2,886,257,1515,1515,1515,257,1515,"0,000%","1,04712","1,05","0,27"
http://20.50.171.10:9966/petclinic/api/specialties 138 ${websiteName},2,407,265,549,549,549,265,549,"0,000%","2,12314","2,13","0,55"
http://20.50.171.10:9966/petclinic/api/vets 82 Pet clinic,6,1691,1901,2579,2756,2756,154,2756,"0,000%",",73774","20,58","0,24"
http://20.50.171.10:9966/petclinic/api/vets 65 Pet clinic,6,2280,771,5036,5931,5931,192,5931,"0,000%",",76287","23,83","0,24"
http://20.50.171.10:9966/petclinic/api/vets 88 Pet clinic,6,783,664,1162,1873,1873,143,1873,"0,000%","1,90779","45,40","0,61"
http://20.50.171.10:9966/petclinic/api/vets 100 Pet clinic,6,994,756,1254,2689,2689,133,2689,"0,000%","1,04530","25,74","0,33"
http://20.50.171.10:9966/petclinic/api/specialties 117 ${websiteName},2,237,142,333,333,333,142,333,"0,000%","3,68324","3,69","0,95"
http://20.50.171.10:9966/petclinic/api/specialties 174 ${websiteName},2,313,230,397,397,397,230,397,"0,000%","2,50627","2,51","0,64"
http://20.50.171.10:9966/petclinic/api/specialties 156 ${websiteName},2,618,267,969,969,969,267,969,"0,000%","1,46092","1,46","0,38"
http://20.50.171.10:9966/petclinic/api/vets 145 Pet clinic,4,979,213,2862,2862,2862,69,2862,"0,000%",",86003","20,24","0,28"
http://20.50.171.10:9966/petclinic/api/specialties 146 ${websiteName},2,560,286,834,834,834,286,834,"0,000%","1,62338","1,63","0,42"
http://20.50.171.10:9966/petclinic/api/vets 66 Pet clinic,6,1651,1500,2586,3164,3164,174,3164,"0,000%",",76619","22,16","0,25"
http://20.50.171.10:9966/petclinic/api/vets 63 Pet clinic,6,2028,2021,2569,3164,3164,192,3164,"0,000%",",88757","25,77","0,28"
http://20.50.171.10:9966/petclinic/api/specialties 155 ${websiteName},2,265,260,271,271,271,260,271,"0,000%","3,02572","3,03","0,78"
http://20.50.171.10:9966/petclinic/api/specialties 173 ${websiteName},2,317,236,398,398,398,236,398,"0,000%","2,49688","2,50","0,64"
http://20.50.171.10:9966/petclinic/api/vets 109 Pet clinic,4,555,147,1702,1702,1702,85,1702,"0,000%","1,75979","36,69","0,56"
http://20.50.171.10:9966/petclinic/api/specialties 166 ${websiteName},2,335,254,416,416,416,254,416,"0,000%","2,45399","2,46","0,63"
http://20.50.171.10:9966/petclinic/api/specialties 153 ${websiteName},2,558,281,835,835,835,281,835,"0,000%","1,61812","1,62","0,42"
http://20.50.171.10:9966/petclinic/api/specialties 154 ${websiteName},2,623,278,968,968,968,278,968,"0,000%","1,46092","1,46","0,38"
http://20.50.171.10:9966/petclinic/api/specialties 163 ${websiteName},2,340,260,421,421,421,260,421,"0,000%","2,43605","2,44","0,63"
http://20.50.171.10:9966/petclinic/api/specialties 148 ${websiteName},2,218,147,290,290,290,147,290,"0,000%","3,65631","3,66","0,94"
http://20.50.171.10:9966/petclinic/api/vets 42 Pet clinic,6,1517,643,2475,3196,3196,292,3196,"0,000%",",86957","25,06","0,28"
http://20.50.171.10:9966/petclinic/api/vets 48 Pet clinic,6,470,327,762,1056,1056,77,1056,"0,000%","1,89573","38,81","0,61"
http://20.50.171.10:9966/petclinic/api/vets 107 Pet clinic,4,1023,178,2994,2994,2994,96,2994,"0,000%","1,29450","31,87","0,41"
http://20.50.171.10:9966/petclinic/api/vets 116 Pet clinic,4,404,271,977,977,977,97,977,"0,000%","2,60926","48,23","0,83"
http://20.50.171.10:9966/petclinic/api/specialties 165 ${websiteName},2,338,260,416,416,416,260,416,"0,000%","2,45399","2,46","0,63"
http://20.50.171.10:9966/petclinic/api/specialties 172 ${websiteName},2,325,250,401,401,401,250,401,"0,000%","2,49377","2,50","0,64"
http://20.50.171.10:9966/petclinic/api/specialties 169 ${websiteName},2,332,257,407,407,407,257,407,"0,000%","2,47525","2,48","0,64"
http://20.50.171.10:9966/petclinic/api/specialties 178 ${websiteName},2,396,242,551,551,551,242,551,"0,000%","2,08768","2,09","0,54"
http://20.50.171.10:9966/petclinic/api/specialties 135 ${websiteName},2,233,150,316,316,316,150,316,"0,000%","3,69004","3,70","0,95"
http://20.50.171.10:9966/petclinic/api/vets 87 Pet clinic,6,2355,2080,3740,4761,4761,196,4761,"0,000%",",84116","28,00","0,27"
http://20.50.171.10:9966/petclinic/api/vets 81 Pet clinic,6,1665,1405,2868,2870,2870,237,2870,"0,000%","1,20506","35,43","0,39"
http://20.50.171.10:9966/petclinic/api/specialties 125 ${websiteName},2,248,135,361,361,361,135,361,"0,000%","3,75235","3,76","0,96"
http://20.50.171.10:9966/petclinic/api/vets 56 Pet clinic,6,2197,2031,2969,4765,4765,335,4765,"0,000%",",77801","23,72","0,25"
http://20.50.171.10:9966/petclinic/api/specialties 112 ${websiteName},2,270,152,389,389,389,152,389,"0,000%","3,62976","3,64","0,93"
http://20.50.171.10:9966/petclinic/api/specialties 189 ${websiteName},2,422,241,603,603,603,241,603,"0,000%","1,98807","1,99","0,51"
http://20.50.171.10:9966/petclinic/api/vets 80 Pet clinic,6,1365,917,2005,2758,2758,213,2758,"0,000%",",72464","20,73","0,23"
http://20.50.171.10:9966/petclinic/api/vets 67 Pet clinic,6,1826,1749,2336,3289,3289,195,3289,"0,000%",",74720","22,42","0,24"
http://20.50.171.10:9966/petclinic/api/vets 90 Pet clinic,6,568,229,1041,1164,1164,83,1164,"0,000%","1,96143","42,56","0,63"
http://20.50.171.10:9966/petclinic/api/vets 89 Pet clinic,6,1474,945,2669,2753,2753,198,2753,"0,000%","1,26582","34,35","0,40"
http://20.50.171.10:9966/petclinic/api/vets 95 Pet clinic,6,1414,746,1526,3836,3836,221,3836,"0,000%","1,23330","33,32","0,39"
http://20.50.171.10:9966/petclinic/api/vets 62 Pet clinic,6,973,925,1384,1791,1791,361,1791,"0,000%","1,43919","35,59","0,46"
http://20.50.171.10:9966/petclinic/api/specialties 179 ${websiteName},2,366,285,447,447,447,285,447,"0,000%","2,34192","2,35","0,60"
http://20.50.171.10:9966/petclinic/api/vets 170 Pet clinic,4,925,221,2629,2629,2629,92,2629,"0,000%","1,00452","23,00","0,32"
http://20.50.171.10:9966/petclinic/api/vets 74 Pet clinic,6,1992,2349,3242,3297,3297,207,3297,"0,000%",",74294","23,59","0,24"
http://20.50.171.10:9966/petclinic/api/vets 139 Pet clinic,4,689,288,1991,1991,1991,95,1991,"0,000%","1,50886","32,39","0,48"
http://20.50.171.10:9966/petclinic/api/specialties 186 ${websiteName},2,441,272,611,611,611,272,611,"0,000%","1,97824","1,98","0,51"
http://20.50.171.10:9966/petclinic/api/vets 134 Pet clinic,4,690,245,1898,1898,1898,99,1898,"0,000%","1,47547","32,29","0,47"
http://20.50.171.10:9966/petclinic/api/specialties 181 ${websiteName},2,1702,293,3111,3111,3111,293,3111,"0,000%",",56899","0,57","0,15"
http://20.50.171.10:9966/petclinic/api/specialties 177 ${websiteName},2,1722,301,3143,3143,3143,301,3143,"0,000%",",56338","0,56","0,14"
http://20.50.171.10:9966/petclinic/api/specialties 183 ${websiteName},2,1814,290,3338,3338,3338,290,3338,"0,000%",",53490","0,54","0,14"
http://20.50.171.10:9966/petclinic/api/specialties 185 ${websiteName},2,359,281,438,438,438,281,438,"0,000%","2,38949","2,39","0,61"
http://20.50.171.10:9966/petclinic/api/specialties 187 ${websiteName},2,399,298,501,501,501,298,501,"0,000%","2,21484","2,22","0,57"
http://20.50.171.10:9966/petclinic/api/specialties 190 ${websiteName},2,449,291,607,607,607,291,607,"0,000%","1,98413","1,99","0,51"
http://20.50.171.10:9966/petclinic/api/specialties 182 ${websiteName},2,662,309,1016,1016,1016,309,1016,"0,000%","1,41044","1,41","0,36"
http://20.50.171.10:9966/petclinic/api/specialties 192 ${websiteName},2,1650,288,3012,3012,3012,288,3012,"0,000%",",58634","0,59","0,15"
http://20.50.171.10:9966/petclinic/api/specialties 196 ${websiteName},2,419,281,558,558,558,281,558,"0,000%","2,08986","2,09","0,54"
http://20.50.171.10:9966/petclinic/api/specialties 191 ${websiteName},2,645,292,999,999,999,292,999,"0,000%","1,42857","1,43","0,37"
http://20.50.171.10:9966/petclinic/api/vets 144 Pet clinic,4,950,215,2658,2658,2658,123,2658,"0,000%",",78201","19,20","0,25"
http://20.50.171.10:9966/petclinic/api/specialties 194 ${websiteName},2,424,286,562,562,562,286,562,"0,000%","2,08551","2,09","0,54"
http://20.50.171.10:9966/petclinic/api/specialties 199 ${websiteName},2,372,295,449,449,449,295,449,"0,000%","2,35018","2,35","0,60"
http://20.50.171.10:9966/petclinic/api/vets 126 Pet clinic,4,502,240,1228,1228,1228,197,1228,"0,000%","2,10526","40,56","0,67"
http://20.50.171.10:9966/petclinic/api/vets 125 Pet clinic,4,655,306,1858,1858,1858,96,1858,"0,000%","1,67224","36,75","0,53"
http://20.50.171.10:9966/petclinic/api/vets 91 Pet clinic,6,1294,941,1625,2868,2868,272,2868,"0,000%","1,04076","29,39","0,33"
http://20.50.171.10:9966/petclinic/api/specialties 108 ${websiteName},2,323,151,496,496,496,151,496,"0,000%","3,62976","3,64","0,93"
http://20.50.171.10:9966/petclinic/api/vets 179 Pet clinic,4,1013,1003,1793,1793,1793,70,1793,"0,000%","1,12613","28,19","0,36"
http://20.50.171.10:9966/petclinic/api/vets 83 Pet clinic,6,1032,1146,1323,1512,1512,255,1512,"0,000%","1,73260","43,70","0,55"
http://20.50.171.10:9966/petclinic/api/vets 183 Pet clinic,4,1546,1693,2246,2246,2246,81,2246,"0,000%",",50878","14,76","0,16"
http://20.50.171.10:9966/petclinic/api/vets 186 Pet clinic,4,584,464,956,956,956,109,956,"0,000%","1,59808","36,15","0,51"
http://20.50.171.10:9966/petclinic/api/vets 61 Pet clinic,6,735,643,1080,1281,1281,101,1281,"0,000%","1,80397","41,16","0,58"
http://20.50.171.10:9966/petclinic/api/vets 160 Pet clinic,4,1596,371,2890,2890,2890,269,2890,"0,000%",",62578","16,15","0,20"
http://20.50.171.10:9966/petclinic/api/vets 181 Pet clinic,4,1769,1920,2712,2712,2712,102,2712,"0,000%",",53426","16,81","0,17"
http://20.50.171.10:9966/petclinic/api/vets 177 Pet clinic,4,1282,414,2397,2397,2397,101,2397,"0,000%",",50878","13,38","0,16"
http://20.50.171.10:9966/petclinic/api/specialties 105 ${websiteName},2,2802,145,5459,5459,5459,145,5459,"0,000%",",36637","0,37","0,09"
http://20.50.171.10:9966/petclinic/api/vets 190 Pet clinic,4,785,842,1239,1239,1239,85,1239,"0,000%","1,57729","37,92","0,50"
http://20.50.171.10:9966/petclinic/api/vets 71 Pet clinic,6,1391,865,2884,3270,3270,95,3270,"0,000%","1,04058","28,37","0,33"
http://20.50.171.10:9966/petclinic/api/specialties 167 ${websiteName},2,422,411,434,434,434,411,434,"0,000%","2,46002","2,46","0,63"
http://20.50.171.10:9966/petclinic/api/specialties 150 ${websiteName},2,306,145,468,468,468,145,468,"0,000%","3,66300","3,67","0,94"
http://20.50.171.10:9966/petclinic/api/vets 68 Pet clinic,6,1589,687,2639,4324,4324,96,4324,"0,000%","1,04530","28,72","0,33"
http://20.50.171.10:9966/petclinic/api/specialties 110 ${websiteName},2,899,154,1644,1644,1644,154,1644,"0,000%","1,21655","1,22","0,31"
http://20.50.171.10:9966/petclinic/api/specialties 120 ${websiteName},2,335,136,535,535,535,136,535,"0,000%","3,71747","3,72","0,95"
http://20.50.171.10:9966/petclinic/api/specialties 115 ${websiteName},2,921,143,1699,1699,1699,143,1699,"0,000%","1,17716","1,18","0,30"
http://20.50.171.10:9966/petclinic/api/specialties 113 ${websiteName},2,564,146,983,983,983,146,983,"0,000%","2,03459","2,04","0,52"
http://20.50.171.10:9966/petclinic/api/vets 92 Pet clinic,6,1347,984,1274,3824,3824,83,3824,"0,000%","1,17693","31,76","0,38"
http://20.50.171.10:9966/petclinic/api/vets 191 Pet clinic,4,680,548,1372,1372,1372,104,1372,"0,000%","1,25826","30,14","0,40"
http://20.50.171.10:9966/petclinic/api/vets 158 Pet clinic,4,2046,1766,3837,3837,3837,274,3837,"0,000%",",60432","17,92","0,19"
http://20.50.171.10:9966/petclinic/api/specialties 123 ${websiteName},2,876,134,1618,1618,1618,134,1618,"0,000%","1,23609","1,24","0,32"
http://20.50.171.10:9966/petclinic/api/specialties 119 ${websiteName},2,555,139,972,972,972,139,972,"0,000%","2,05761","2,06","0,53"
http://20.50.171.10:9966/petclinic/api/vets 94 Pet clinic,6,2018,1742,2776,4387,4387,81,4387,"0,000%",",87938","26,60","0,28"
http://20.50.171.10:9966/petclinic/api/vets 182 Pet clinic,4,1875,698,3862,3862,3862,106,3862,"0,000%",",86170","26,28","0,28"
http://20.50.171.10:9966/petclinic/api/vets 70 Pet clinic,6,1664,1315,2806,2810,2810,105,2810,"0,000%","1,23127","36,60","0,39"
http://20.50.171.10:9966/petclinic/api/vets 196 Pet clinic,4,899,544,1711,1711,1711,104,1711,"0,000%","1,10375","26,41","0,35"
http://20.50.171.10:9966/petclinic/api/vets 194 Pet clinic,4,607,562,980,980,980,108,980,"0,000%","1,64474","38,03","0,53"
http://20.50.171.10:9966/petclinic/api/vets 118 Pet clinic,4,2846,2738,4734,4734,4734,291,4734,"0,000%",",60168","19,65","0,19"
http://20.50.171.10:9966/petclinic/api/vets 136 Pet clinic,4,1143,607,3066,3066,3066,243,3066,"0,000%",",63482","16,82","0,20"
http://20.50.171.10:9966/petclinic/api/vets 128 Pet clinic,4,1562,816,2603,2603,2603,272,2603,"0,000%",",53227","14,35","0,17"
http://20.50.171.10:9966/petclinic/api/vets 171 Pet clinic,4,1381,992,2283,2283,2283,276,2283,"0,000%",",95261","27,24","0,30"
http://20.50.171.10:9966/petclinic/api/vets 164 Pet clinic,4,886,564,1603,1603,1603,275,1603,"0,000%","1,20846","29,39","0,39"
http://20.50.171.10:9966/petclinic/api/vets 96 Pet clinic,6,1512,862,2178,4510,4510,73,4510,"0,000%",",83705","24,36","0,27"
http://20.50.171.10:9966/petclinic/api/vets 108 Pet clinic,4,2021,2331,2941,2941,2941,107,2941,"0,000%",",70139","21,23","0,22"
http://20.50.171.10:9966/petclinic/api/vets 142 Pet clinic,4,905,580,1996,1996,1996,276,1996,"0,000%","1,39227","33,09","0,45"
http://20.50.171.10:9966/petclinic/api/vets 141 Pet clinic,4,1430,838,2851,2851,2851,275,2851,"0,000%",",71608","18,94","0,23"
http://20.50.171.10:9966/petclinic/api/vets 103 Pet clinic,4,2351,1756,5528,5528,5528,127,5528,"0,000%",",67716","21,09","0,22"
http://20.50.171.10:9966/petclinic/api/specialties 180 ${websiteName},2,860,484,1237,1237,1237,484,1237,"0,000%","1,21729","1,22","0,31"
http://20.50.171.10:9966/petclinic/api/vets 101 Pet clinic,4,1811,653,4665,4665,4665,129,4665,"0,000%",",61881","16,61","0,20"
http://20.50.171.10:9966/petclinic/api/specialties 147 ${websiteName},2,1024,151,1897,1897,1897,151,1897,"0,000%","1,05430","1,06","0,27"
http://20.50.171.10:9966/petclinic/api/specialties 151 ${websiteName},2,545,143,947,947,947,143,947,"0,000%","2,11193","2,12","0,54"
http://20.50.171.10:9966/petclinic/api/vets 137 Pet clinic,4,629,554,941,941,941,299,941,"0,000%","2,23839","48,26","0,72"
http://20.50.171.10:9966/petclinic/api/vets 138 Pet clinic,4,720,760,986,986,986,298,986,"0,000%","1,60000","37,59","0,51"
http://20.50.171.10:9966/petclinic/api/vets 78 Pet clinic,6,1387,953,1314,3613,3613,416,3613,"0,000%",",90937","25,54","0,29"
http://20.50.171.10:9966/petclinic/api/specialties 162 ${websiteName},2,482,407,558,558,558,407,558,"0,000%","2,47525","2,48","0,64"
http://20.50.171.10:9966/petclinic/api/vets 174 Pet clinic,4,1657,585,4638,4638,4638,363,4638,"0,000%",",69061","18,57","0,22"
http://20.50.171.10:9966/petclinic/api/vets 105 Pet clinic,4,988,940,1875,1875,1875,185,1875,"0,000%",",51673","14,35","0,17"
http://20.50.171.10:9966/petclinic/api/vets 146 Pet clinic,4,764,773,1022,1022,1022,364,1022,"0,000%","1,45879","35,44","0,47"
http://20.50.171.10:9966/petclinic/api/vets 156 Pet clinic,4,1816,1145,3272,3272,3272,370,3272,"0,000%",",58360","16,06","0,19"
http://20.50.171.10:9966/petclinic/api/vets 150 Pet clinic,4,1309,538,2535,2535,2535,183,2535,"0,000%","1,47113","41,25","0,47"
http://20.50.171.10:9966/petclinic/api/specialties 193 ${websiteName},2,977,565,1389,1389,1389,565,1389,"0,000%","1,11794","1,12","0,29"
http://20.50.171.10:9966/petclinic/api/vets 84 Pet clinic,6,2278,2292,3673,3745,3745,528,3745,"0,000%",",79051","23,61","0,25"
http://20.50.171.10:9966/petclinic/api/vets 77 Pet clinic,6,1887,1866,2417,3254,3254,534,3254,"0,000%",",90758","26,66","0,29"
http://20.50.171.10:9966/petclinic/api/specialties 157 ${websiteName},2,1068,255,1882,1882,1882,255,1882,"0,000%","1,06270","1,06","0,27"
http://20.50.171.10:9966/petclinic/api/specialties 188 ${websiteName},2,624,582,667,667,667,582,667,"0,000%","2,03874","2,04","0,52"
http://20.50.171.10:9966/petclinic/api/vets 166 Pet clinic,4,1137,845,1638,1638,1638,460,1638,"0,000%","1,05070","26,42","0,34"
http://20.50.171.10:9966/petclinic/api/vets 163 Pet clinic,4,1345,828,3202,3202,3202,461,3202,"0,000%","1,09200","30,49","0,35"
http://20.50.171.10:9966/petclinic/api/vets 154 Pet clinic,4,1150,646,2664,2664,2664,461,2664,"0,000%",",90868","23,85","0,29"
http://20.50.171.10:9966/petclinic/api/vets 165 Pet clinic,4,1799,779,4951,4951,4951,464,4951,"0,000%",",73855","21,74","0,24"
http://20.50.171.10:9966/petclinic/api/vets 117 Pet clinic,4,1526,1632,2471,2471,2471,278,2471,"0,000%",",95306","27,07","0,30"
http://20.50.171.10:9966/petclinic/api/vets 178 Pet clinic,4,2280,817,4753,4753,4753,458,4753,"0,000%",",63633","19,99","0,20"
http://20.50.171.10:9966/petclinic/api/vets 123 Pet clinic,4,1536,719,3520,3520,3520,276,3520,"0,000%",",75089","21,74","0,24"
http://20.50.171.10:9966/petclinic/api/vets 135 Pet clinic,4,1425,1172,2487,2487,2487,456,2487,"0,000%","1,02987","28,83","0,33"
http://20.50.171.10:9966/petclinic/api/vets 113 Pet clinic,4,1672,869,4357,4357,4357,341,4357,"0,000%",",70709","19,49","0,23"
http://20.50.171.10:9966/petclinic/api/vets 124 Pet clinic,4,1170,664,1891,1891,1891,349,1891,"0,000%","1,56495","41,15","0,50"
http://20.50.171.10:9966/petclinic/api/vets 119 Pet clinic,4,810,860,1071,1071,1071,348,1071,"0,000%","1,77541","43,01","0,57"
http://20.50.171.10:9966/petclinic/api/vets 104 Pet clinic,4,2032,844,3986,3986,3986,669,3986,"0,000%",",57862","16,00","0,19"
http://20.50.171.10:9966/petclinic/api/vets 127 Pet clinic,4,2103,1637,3885,3885,3885,347,3885,"0,000%",",62199","18,64","0,20"
http://20.50.171.10:9966/petclinic/api/vets 121 Pet clinic,4,1334,1024,2473,2473,2473,359,2473,"0,000%","1,01163","26,23","0,32"
http://20.50.171.10:9966/petclinic/api/specialties 195 ${websiteName},2,1430,756,2105,2105,2105,756,2105,"0,000%",",79872","0,80","0,21"
http://20.50.171.10:9966/petclinic/api/vets 115 Pet clinic,4,1243,703,2867,2867,2867,405,2867,"0,000%",",84764","22,87","0,27"
http://20.50.171.10:9966/petclinic/api/vets 187 Pet clinic,4,1834,1215,2978,2978,2978,537,2978,"0,000%",",64631","18,17","0,21"
http://20.50.171.10:9966/petclinic/api/vets 58 Pet clinic,6,2137,2020,3141,3308,3308,928,3308,"0,000%",",84830","25,48","0,27"
http://20.50.171.10:9966/petclinic/api/vets 180 Pet clinic,4,1649,975,2830,2830,2830,367,2830,"0,000%",",62354","17,41","0,20"
http://20.50.171.10:9966/petclinic/api/vets 168 Pet clinic,4,951,850,1309,1309,1309,725,1309,"0,000%","1,64406","40,25","0,53"
http://20.50.171.10:9966/petclinic/api/vets 111 Pet clinic,4,1324,1123,1871,1871,1871,724,1871,"0,000%","1,33645","36,86","0,43"
http://20.50.171.10:9966/petclinic/api/vets 60 Pet clinic,6,2247,2366,3234,3628,3628,365,3628,"0,000%",",86518","27,57","0,28"
http://20.50.171.10:9966/petclinic/api/vets 152 Pet clinic,4,1978,930,5040,5040,5040,379,5040,"0,000%",",60551","16,84","0,19"
http://20.50.171.10:9966/petclinic/api/vets 106 Pet clinic,4,1940,1025,3382,3382,3382,766,3382,"0,000%",",64175","17,85","0,21"
http://20.50.171.10:9966/petclinic/api/vets 76 Pet clinic,6,1823,1082,2848,2919,2919,601,2919,"0,000%","1,04022","30,20","0,33"
http://20.50.171.10:9966/petclinic/api/vets 148 Pet clinic,4,1755,1094,2789,2789,2789,449,2789,"0,000%",",73019","20,31","0,23"
http://20.50.171.10:9966/petclinic/api/specialties 176 ${websiteName},2,1277,631,1924,1924,1924,631,1924,"0,000%","1,03950","1,04","0,27"
http://20.50.171.10:9966/petclinic/api/vets 151 Pet clinic,4,1113,994,1670,1670,1670,560,1670,"0,000%","1,21102","31,84","0,39"
http://20.50.171.10:9966/petclinic/api/specialties 197 ${websiteName},2,1323,618,2029,2029,2029,618,2029,"0,000%",",98571","0,99","0,25"
http://20.50.171.10:9966/petclinic/api/vets 69 Pet clinic,6,1541,1098,2104,2917,2917,661,2917,"0,000%",",74860","22,96","0,24"
http://20.50.171.10:9966/petclinic/api/vets 140 Pet clinic,4,1283,974,2084,2084,2084,699,2084,"0,000%",",49383","15,60","0,16"
http://20.50.171.10:9966/petclinic/api/vets 155 Pet clinic,4,863,805,1093,1093,1093,727,1093,"0,000%","2,08008","51,54","0,67"
http://20.50.171.10:9966/petclinic/api/vets 153 Pet clinic,4,1880,824,4814,4814,4814,763,4814,"0,000%",",61237","18,04","0,20"
http://20.50.171.10:9966/petclinic/api/vets 169 Pet clinic,4,1836,966,4570,4570,4570,689,4570,"0,000%",",68835","19,93","0,22"
http://20.50.171.10:9966/petclinic/api/vets 120 Pet clinic,4,3144,2897,4516,4516,4516,938,4516,"0,000%",",56132","18,63","0,18"
http://20.50.171.10:9966/petclinic/api/vets 112 Pet clinic,4,1899,1624,2742,2742,2742,1105,2742,"0,000%",",88339","26,94","0,28"
http://20.50.171.10:9966/petclinic/api/vets 188 Pet clinic,4,1292,685,3103,3103,3103,371,3103,"0,000%","1,05569","29,99","0,34"
http://20.50.171.10:9966/petclinic/api/vets 157 Pet clinic,4,2055,807,3990,3990,3990,758,3990,"0,000%",",84228","27,18","0,27"
http://20.50.171.10:9966/petclinic/api/specialties 200 ${websiteName},2,2028,946,3110,3110,3110,946,3110,"0,000%",",64309","0,64","0,17"
http://20.50.171.10:9966/petclinic/api/vets 133 Pet clinic,4,2262,2311,3006,3006,3006,1263,3006,"0,000%",",54705","17,53","0,17"
http://20.50.171.10:9966/petclinic/api/vets 159 Pet clinic,4,1893,1657,2846,2846,2846,765,2846,"0,000%",",77640","22,59","0,25"
http://20.50.171.10:9966/petclinic/api/vets 86 Pet clinic,6,1977,1379,2441,4231,4231,866,4231,"0,000%",",79798","25,93","0,26"
http://20.50.171.10:9966/petclinic/api/vets 189 Pet clinic,4,1233,1002,1699,1699,1699,948,1699,"0,000%","1,15407","32,36","0,37"
http://20.50.171.10:9966/petclinic/api/vets 185 Pet clinic,4,1444,947,2775,2775,2775,792,2775,"0,000%",",97017","27,47","0,31"
http://20.50.171.10:9966/petclinic/api/vets 102 Pet clinic,4,2530,2251,3917,3917,3917,1427,3917,"0,000%",",59639","19,08","0,19"
http://20.50.171.10:9966/petclinic/api/vets 85 Pet clinic,6,1527,804,2660,3288,3288,689,3288,"0,000%","1,30265","38,42","0,42"
http://20.50.171.10:9966/petclinic/api/vets 173 Pet clinic,4,2598,2720,4010,4010,4010,828,4010,"0,000%",",72020","23,79","0,23"
http://20.50.171.10:9966/petclinic/api/vets 147 Pet clinic,4,1649,1194,2357,2357,2357,722,2357,"0,000%",",90992","27,14","0,29"
http://20.50.171.10:9966/petclinic/api/vets 199 Pet clinic,4,1632,1188,2287,2287,2287,850,2287,"0,000%","1,08284","32,30","0,35"
http://20.50.171.10:9966/petclinic/api/specialties 184 ${websiteName},2,2165,1359,2972,2972,2972,1359,2972,"0,000%",",67295","0,67","0,17"
http://20.50.171.10:9966/petclinic/api/vets 122 Pet clinic,4,1977,1051,4476,4476,4476,800,4476,"0,000%",",58574","18,00","0,19"
http://20.50.171.10:9966/petclinic/api/vets 131 Pet clinic,4,2058,1641,2560,2560,2560,1617,2560,"0,000%",",90580","28,17","0,29"
http://20.50.171.10:9966/petclinic/api/vets 143 Pet clinic,4,2021,1455,4567,4567,4567,415,4567,"0,000%",",51151","17,48","0,16"
http://20.50.171.10:9966/petclinic/api/vets 149 Pet clinic,4,2142,1648,3303,3303,3303,1049,3303,"0,000%",",64767","19,77","0,21"
http://20.50.171.10:9966/petclinic/api/vets 132 Pet clinic,4,2962,1995,5448,5448,5448,1380,5448,"0,000%",",53735","17,56","0,17"
http://20.50.171.10:9966/petclinic/api/vets 129 Pet clinic,4,1426,987,2668,2668,2668,373,2668,"0,000%",",60051","18,37","0,19"
http://20.50.171.10:9966/petclinic/api/vets 99 Pet clinic,6,1418,998,1971,2698,2698,428,2698,"0,000%",",98798","30,34","0,32"
http://20.50.171.10:9966/petclinic/api/vets 197 Pet clinic,4,993,867,1251,1251,1251,863,1251,"0,000%","1,39373","40,55","0,45"
http://20.50.171.10:9966/petclinic/api/vets 59 Pet clinic,6,2501,2526,3977,4491,4491,630,4491,"0,000%",",89539","29,52","0,29"
http://20.50.171.10:9966/petclinic/api/vets 73 Pet clinic,6,1831,1504,2665,2758,2758,675,2758,"0,000%","1,24146","37,93","0,40"
http://20.50.171.10:9966/petclinic/api/vets 172 Pet clinic,4,1763,1440,2637,2637,2637,1241,2637,"0,000%",",91491","27,61","0,29"
http://20.50.171.10:9966/petclinic/api/specialties 198 ${websiteName},2,1901,1791,2011,2011,2011,1791,2011,"0,000%",",91324","0,92","0,23"
http://20.50.171.10:9966/petclinic/api/vets 93 Pet clinic,6,2944,2375,4379,5320,5320,747,5320,"0,000%",",77419","25,95","0,25"
http://20.50.171.10:9966/petclinic/api/vets 162 Pet clinic,4,2901,2461,5078,5078,5078,1349,5078,"0,000%",",53050","17,60","0,17"
http://20.50.171.10:9966/petclinic/api/vets 175 Pet clinic,4,2706,2338,3872,3872,3872,1430,3872,"0,000%",",64402","21,18","0,21"
http://20.50.171.10:9966/petclinic/api/vets 167 Pet clinic,4,1995,1556,2760,2760,2760,1073,2760,"0,000%",",85215","26,48","0,27"
http://20.50.171.10:9966/petclinic/api/vets 192 Pet clinic,4,1657,1156,2960,2960,2960,435,2960,"0,000%",",79381","25,05","0,25"
http://20.50.171.10:9966/petclinic/api/vets 161 Pet clinic,4,3095,2576,4486,4486,4486,2240,4486,"0,000%",",52083","17,33","0,17"
http://20.50.171.10:9966/petclinic/api/vets 184 Pet clinic,4,1271,758,2898,2898,2898,642,2898,"0,000%","1,08548","34,30","0,35"
http://20.50.171.10:9966/petclinic/api/vets 130 Pet clinic,4,2326,2685,3060,3060,3060,740,3060,"0,000%",",69626","22,66","0,22"
http://20.50.171.10:9966/petclinic/api/vets 176 Pet clinic,4,1900,1743,2586,2586,2586,1018,2586,"0,000%",",69541","22,14","0,22"
http://20.50.171.10:9966/petclinic/api/vets 198 Pet clinic,4,1205,971,1832,1832,1832,936,1832,"0,000%","1,35639","40,96","0,43"
http://20.50.171.10:9966/petclinic/api/vets 195 Pet clinic,4,2341,1049,4590,4590,4590,762,4590,"0,000%",",52945","17,22","0,17"
http://20.50.171.10:9966/petclinic/api/vets 193 Pet clinic,4,3112,2389,3927,3927,3927,2321,3927,"0,000%",",53050","18,24","0,17"
http://20.50.171.10:9966/petclinic/api/vets 110 Pet clinic,4,3092,2362,4040,4040,4040,2217,4040,"0,000%",",55556","19,06","0,18"
http://20.50.171.10:9966/petclinic/api/vets 114 Pet clinic,4,2988,2221,4978,4978,4978,534,4978,"0,000%",",55556","18,46","0,18"
http://20.50.171.10:9966/petclinic/api/vets 200 Pet clinic,4,2861,2451,3771,3771,3771,2144,3771,"0,000%",",58377","20,23","0,19"
TOTAL,2500,1513,836,3757,4957,6362,43,7555,"0,000%","281,30978","6268,59","100,88"
